Date,Portfolio,Benchmark
2020-01-02,1.0,
2020-01-03,1.0,0.9953329085483993
2020-01-06,1.0,0.9967515734532602
2020-01-07,1.0,0.9959650495523346
2020-01-08,1.0,0.9993347749251166
2020-01-09,1.0,1.0045408092987553
2020-01-10,1.0,1.0024226883622176
2020-01-13,1.0,1.010351562516249
2020-01-14,1.0,1.0108429000918087
2020-01-15,1.0,1.0131556471533063
2020-01-16,1.0,1.0226533273818579
2020-01-17,1.0,1.024822116203838
2020-01-21,1.0,1.0211054901337204
2020-01-22,1.0,1.0211357824892244
2020-01-23,1.0,1.023707734093878
2020-01-24,1.0,1.0141282049287432
2020-01-27,1.0,0.9991444929861277
2020-01-28,1.0,1.0085534549519763
2020-01-29,1.0,1.00590086119556
2020-01-30,1.0,1.0084170659249792
2020-01-31,1.0,0.9901243917833531
2020-02-03,1.0,0.9975991020165337
2020-02-04,1.0,1.0127194857890343
2020-02-05,1.0,1.0240705993775585
2020-02-06,1.0,1.0241622474919356
2020-02-07,1.0,1.017426874834602
2020-02-10,1.0,1.0236243589157943
2020-02-11,1.0,1.0301741661059463
2020-02-12,1.0,1.036717399294969
2020-02-13,1.0,1.0366413232989462
2020-02-14,1.0,1.0382573331681686
2020-02-18,1.0,1.0360077429827017
2020-02-19,1.0,1.0403897427644426
2020-02-20,1.0,1.0399106952314279
2020-02-21,1.0,1.0305467707977403
2020-02-24,1.0,1.0000059127662912
2020-02-25,1.0,0.9675856673780002
2020-02-26,1.0,0.9588112264967785
2020-02-27,1.0,0.9216887855633957
2020-02-28,1.0,0.9104628898241193
2020-03-02,1.0,0.9460641870050431
2020-03-03,1.0,0.9239405319156352
2020-03-04,1.0,0.9595737027649655
2020-03-05,1.0,0.9267677246536262
2020-03-06,1.0,0.9075930443362249
2020-03-09,1.0,0.8283205454259748
2020-03-10,1.0,0.8673114512709504
2020-03-11,1.0,0.8191668515752382
2020-03-12,1.0,0.7347923524361146
2020-03-13,1.0,0.7952078615101931
2020-03-16,1.0,0.693875984169817
2020-03-17,1.0,0.7284146183572214
2020-03-18,1.0,0.672281710958332
2020-03-19,1.0,0.6890225208208415
2020-03-20,1.0,0.6641666809821597
2020-03-23,1.0,0.6421518433831852
2020-03-24,1.0,0.7147852037294351
2020-03-25,1.0,0.7373875031201269
2020-03-26,1.0,0.7826241654458489
2020-03-27,1.0,0.7558688018226825
2020-03-30,1.0,0.7752731116519278
2020-03-31,1.0,0.7631573452127701
2020-04-01,1.0,0.7232817331374685
2020-04-02,1.0,0.7334553458886899
2020-04-03,1.0,0.7215400389146129
2020-04-06,1.0,0.7797191699674798
2020-04-07,1.0,0.7863847500723861
2020-04-08,1.0,0.821483987449334
2020-04-09,1.0,0.842244467914453
2020-04-13,1.0,0.8245492310582533
2020-04-14,1.0,0.8458479772984588
2020-04-15,1.0,0.818185811645792
2020-04-16,1.0,0.816090873028107
2020-04-17,1.0,0.8496116590003181
2020-04-20,1.0,0.8318970245130839
2020-04-21,1.0,0.8067840328097245
2020-04-22,1.0,0.8233262052705945
2020-04-23,1.0,0.8256029541443686
2020-04-24,1.0,0.8372535866021096
2020-04-27,1.0,0.8600207809293283
2020-04-28,1.0,0.8678782625557221
2020-04-29,1.0,0.8953390736059945
2020-04-30,1.0,0.8750236793568862
2020-05-01,1.0,0.8464393039217954
2020-05-04,1.0,0.8484726166932974
2020-05-05,1.0,0.8549683834172961
2020-05-06,1.0,0.8447729075111483
2020-05-07,1.0,0.8605690751817002
2020-05-08,1.0,0.8829237673850145
2020-05-11,1.0,0.8758036564872785
2020-05-12,1.0,0.8540361443440648
2020-05-13,1.0,0.8315462163478655
2020-05-14,1.0,0.8431747642336019
2020-05-15,1.0,0.845649092442847
2020-05-18,1.0,0.8891607436908848
2020-05-19,1.0,0.8787270635944221
2020-05-20,1.0,0.8951506724351872
2020-05-21,1.0,0.8906990049880693
2020-05-22,1.0,0.8926121865552027
2020-05-26,1.0,0.9170576656404339
2020-05-27,1.0,0.9367921279700583
2020-05-28,1.0,0.9317232722180138
2020-05-29,1.0,0.9345701591835557
2020-06-01,1.0,0.9431646673978281
2020-06-02,1.0,0.9546295403011904
2020-06-03,1.0,0.9774015975988272
2020-06-04,1.0,0.978377237814022
2020-06-05,1.0,1.0093660758110958
2020-06-08,1.0,1.028485526363754
2020-06-09,1.0,1.007529196725357
2020-06-10,1.0,0.9907001061785895
2020-06-11,1.0,0.9267983270610586
2020-06-12,1.0,0.9441576854619668
2020-06-15,1.0,0.9558362400874553
2020-06-16,1.0,0.9734637427135412
2020-06-17,1.0,0.9661756153550435
2020-06-18,1.0,0.9660362751905306
2020-06-19,1.0,0.9573788366558134
2020-06-22,1.0,0.9597121619871822
2020-06-23,1.0,0.9606531995323703
2020-06-24,1.0,0.9300376731988774
2020-06-25,1.0,0.9399046615898672
2020-06-26,1.0,0.9200931510490238
2020-06-29,1.0,0.9375043165879601
2020-06-30,1.0,0.951467935259968
2020-07-01,1.0,0.9511800197020818
2020-07-02,1.0,0.9562947041543104
2020-07-06,1.0,0.9672045312165742
2020-07-07,1.0,0.9527356820542433
2020-07-08,1.0,0.9573216320791686
2020-07-09,1.0,0.9445690956943346
2020-07-10,1.0,0.9588529133882312
2020-07-13,1.0,0.9526175964629903
2020-07-14,1.0,0.9689191114514644
2020-07-15,1.0,0.9890303975520616
2020-07-16,1.0,0.9867821838493286
2020-07-17,1.0,0.991557966318636
2020-07-20,1.0,0.9882891019172945
2020-07-21,1.0,0.996873350063194
2020-07-22,1.0,1.0041369974204775
2020-07-23,1.0,1.000839751486104
2020-07-24,1.0,0.9933037378465898
2020-07-27,1.0,0.9983961738052586
2020-07-28,1.0,0.9924353886359001
2020-07-29,1.0,1.00915529425122
2020-07-30,1.0,1.0023213571681377
2020-07-31,1.0,1.001740603536923
2020-08-03,1.0,1.006425505017957
2020-08-04,1.0,1.0118189809146025
2020-08-05,1.0,1.0193435105879949
2020-08-06,1.0,1.0203178327897733
2020-08-07,1.0,1.028668751319486
2020-08-10,1.0,1.0377891840662978
2020-08-11,1.0,1.034760271373883
2020-08-12,1.0,1.0433970688544314
2020-08-13,1.0,1.0399184401180779
2020-08-14,1.0,1.0414106224923938
2020-08-17,1.0,1.0427419187817777
2020-08-18,1.0,1.0392289974872695
2020-08-19,1.0,1.035067578212294
2020-08-20,1.0,1.0300881468912764
2020-08-21,1.0,1.0293041943410501
2020-08-24,1.0,1.0431297617287998
2020-08-25,1.0,1.0434222177873296
2020-08-26,1.0,1.0436911553359516
2020-08-27,1.0,1.0488366439559427
2020-08-28,1.0,1.0576223293807534
2020-08-31,1.0,1.0504680835331017
2020-09-01,1.0,1.055227620050967
2020-09-02,1.0,1.073799601254024
2020-09-03,1.0,1.0460107985350684
2020-09-04,1.0,1.041588234968669
2020-09-08,1.0,1.0186061910946562
2020-09-09,1.0,1.0334829204202107
2020-09-10,1.0,1.0187294548464088
2020-09-11,1.0,1.0227808038741468
2020-09-14,1.0,1.0401719193489063
2020-09-15,1.0,1.0427657037399392
2020-09-16,1.0,1.0484946465860208
2020-09-17,1.0,1.042858237260523
2020-09-18,1.0,1.0320866684290528
2020-09-21,1.0,1.0093438861113908
2020-09-22,1.0,1.0158007755600047
2020-09-23,1.0,0.9935810994087678
2020-09-24,1.0,0.9957046465164744
2020-09-25,1.0,1.009726266296208
2020-09-28,1.0,1.028385441057516
2020-09-29,1.0,1.0220121882043522
2020-09-30,1.0,1.0284144418247683
2020-10-01,1.0,1.032643457508946
2020-10-02,1.0,1.0358217524033682
2020-10-05,1.0,1.0544376572509084
2020-10-06,1.0,1.0450399986553243
2020-10-07,1.0,1.0626155611186636
2020-10-08,1.0,1.0771344720061475
2020-10-09,1.0,1.080359912061664
2020-10-12,1.0,1.0883361392212165
2020-10-13,1.0,1.0794136562576109
2020-10-14,1.0,1.0762931878204145
2020-10-15,1.0,1.079729713053316
2020-10-16,1.0,1.0785813101020858
2020-10-19,1.0,1.0644874957698518
2020-10-20,1.0,1.070174120931455
2020-10-21,1.0,1.0659466215256233
2020-10-22,1.0,1.0773457053623892
2020-10-23,1.0,1.0825838197259734
2020-10-26,1.0,1.058824563601835
2020-10-27,1.0,1.046617258987331
2020-10-28,1.0,1.0148081639347133
2020-10-29,1.0,1.0259910256380624
2020-10-30,1.0,1.021606173445101
2020-11-02,1.0,1.0429435420049302
2020-11-03,1.0,1.0642237214751866
2020-11-04,1.0,1.0705427165944432
2020-11-05,1.0,1.0925765158784497
2020-11-06,1.0,1.0916487944615234
2020-11-09,1.0,1.1307501739545447
2020-11-10,1.0,1.1383121621339516
2020-11-11,1.0,1.1401729372952527
2020-11-12,1.0,1.123912957978266
2020-11-13,1.0,1.1470666183872067
2020-11-16,1.0,1.168061708064956
2020-11-17,1.0,1.1655362366475566
2020-11-18,1.0,1.1527355147584153
2020-11-19,1.0,1.1588838688730618
2020-11-20,1.0,1.1528471470501267
2020-11-23,1.0,1.1685875304981923
2020-11-24,1.0,1.1894498427111313
2020-11-25,1.0,1.1847435702643874
2020-11-27,1.0,1.1858320962171618
2020-11-30,1.0,1.176072785528327
2020-12-01,1.0,1.1866830629937954
2020-12-02,1.0,1.1872130728260828
2020-12-03,1.0,1.1925142538792233
2020-12-04,1.0,1.2100902496993458
2020-12-07,1.0,1.2057706357849614
2020-12-08,1.0,1.2098082130513137
2020-12-09,1.0,1.2044245180194575
2020-12-10,1.0,1.2043286197500935
2020-12-11,1.0,1.1996568573818396
2020-12-14,1.0,1.191857938871016
2020-12-15,1.0,1.2097254710371483
2020-12-16,1.0,1.2080850408743322
2020-12-17,1.0,1.2177987067632594
2020-12-18,1.0,1.2144257700271124
2020-12-21,1.0,1.2074643820072852
2020-12-22,1.0,1.2050800795785996
2020-12-23,1.0,1.2101739328878278
2020-12-24,1.0,1.2129947790482807
2020-12-28,1.0,1.2142548307776426
2020-12-29,1.0,1.2080850556240472
2020-12-30,1.0,1.2158140876918202
2020-12-31,1.0,1.2245048190159409
2021-01-04,0.9910346504324349,1.2047660802483822
2021-01-05,0.9948425408551225,1.2163673191917201
2021-01-06,1.0016806437154073,1.2422323193917222
2021-01-07,1.0084676121536655,1.2551124518474588
2021-01-08,1.0143524221135458,1.2579435155631242
2021-01-11,1.0062947166526846,1.2562802151833734
2021-01-12,1.0037444164183256,1.2645866564412576
2021-01-13,1.0060512293832646,1.2615751866087341
2021-01-14,0.9998064066540693,1.264752462678808
2021-01-15,1.000869926642644,1.2569336466934786
2021-01-19,1.0023338629101568,1.2626707467442055
2021-01-20,1.0140946286418544,1.2725423043823818
2021-01-21,1.01123479337901,1.265799069600826
2021-01-22,1.0086592763982765,1.2614655249077371
2021-01-25,1.0136408314354284,1.2606553199185915
2021-01-26,1.0110072883406507,1.2528988676646162
2021-01-27,0.9875407157290221,1.2228820601437
2021-01-28,1.007486033274874,1.2383413523238382
2021-01-29,0.9928189144700491,1.2169209620430146
2021-02-01,1.0057067184105555,1.2343068540068254
2021-02-02,1.0191910438417877,1.252132777027798
2021-02-03,1.01452825040481,1.2546170750008496
2021-02-04,1.0186084800985737,1.2704896479435546
2021-02-05,1.025156603291337,1.2776354286175002
2021-02-08,1.0334544423360121,1.291973841465256
2021-02-09,1.034323650837454,1.292175144613582
2021-02-10,1.0378346761481374,1.2958164403970878
2021-02-11,1.0378464019761957,1.2980744039292196
2021-02-12,1.0412230144062078,1.3044481666147831
2021-02-16,1.0343217821518331,1.303781832411916
2021-02-17,1.038820441309853,1.3035144378199481
2021-02-18,1.0402659068116669,1.2968669179654946
2021-02-19,1.0356657210873743,1.3052363557184186
2021-02-22,1.022737837389369,1.3027369998015461
2021-02-23,1.0197422681239179,1.3054939071272822
2021-02-24,1.0212925652978002,1.3222900823087678
2021-02-25,1.0059799123436717,1.2920616117505124
2021-02-26,1.0058088109071854,1.2841915178813301
2021-03-01,1.0241775521759067,1.313045292767022
2021-03-02,1.0174694284234638,1.306777165209657
2021-03-03,0.9983168351597184,1.2965626071178304
2021-03-04,0.9782898274836093,1.2771580448934332
2021-03-05,0.9916425484645909,1.3050045633636778
2021-03-08,0.9782665629890883,1.3096180333141672
2021-03-09,1.0114263617472894,1.318131334463722
2021-03-10,1.01002051101423,1.3312604080035968
2021-03-11,1.0374468149568816,1.3429837883655966
2021-03-12,1.0335299287096233,1.3507147137834044
2021-03-15,1.0488656134214702,1.364566202414314
2021-03-16,1.0442592032521716,1.3548423272517918
2021-03-17,1.0448598105411084,1.3598629479437891
2021-03-18,1.0235699575646486,1.3447635970667213
2021-03-19,1.0330119518510987,1.3449103722009914
2021-03-22,1.0470900273351047,1.3475902457785205
2021-03-23,1.0345951249075158,1.329759770105167
2021-03-24,1.0238857834990085,1.3268525690148896
2021-03-25,1.026494175044261,1.3416220301746586
2021-03-26,1.0501565144697191,1.3663200531061181
2021-03-29,1.0376463846318134,1.3588673882280866
2021-03-30,1.0416507689236594,1.3604810543396062
2021-03-31,1.0570432379462091,1.3606647472184292
2021-04-01,1.0686962932184654,1.376295266345971
2021-04-05,1.0754716704929634,1.3891905599484138
2021-04-06,1.0873990926853265,1.390963299944722
2021-04-07,1.0853106755996595,1.3865984762816819
2021-04-08,1.0887544392396766,1.3893152720609296
2021-04-09,1.096676173342888,1.3975089122615678
2021-04-12,1.0989553938672925,1.399469645471222
2021-04-13,1.1062352822299637,1.399558107392919
2021-04-14,1.1135452932179297,1.4013593303748044
2021-04-15,1.1208481647415358,1.4137848855047193
2021-04-16,1.1241151176935578,1.4198293945227032
2021-04-19,1.117954101943572,1.4130259641723784
2021-04-20,1.0939379796889315,1.4021682546586147
2021-04-21,1.1218928358147362,1.4191966964358878
2021-04-22,1.1148277287902155,1.4114153788939736
2021-04-23,1.13647710458365,1.426743985175615
2021-04-26,1.1446751679815796,1.4299457808506633
2021-04-27,1.149622348893146,1.4321207077188778
2021-04-28,1.1486088883538452,1.4311810123240196
2021-04-29,1.15807908488645,1.4402164047693915
2021-04-30,1.1476402538391623,1.4290653216854936
2021-05-03,1.1495810170666434,1.4366165176758907
2021-05-04,1.1387650356484627,1.4326012269542556
2021-05-05,1.1453757668677125,1.434923615637901
2021-05-06,1.1402268385129326,1.4407932819346247
2021-05-07,1.1668195592029018,1.4567544414985114
2021-05-10,1.1455474704233568,1.449322973428004
2021-05-11,1.13639654433784,1.4346140085676058
2021-05-12,1.1003093361678322,1.4014550594757518
2021-05-13,1.115236325691066,1.4203380263480252
2021-05-14,1.1453200164127717,1.4430253247161036
2021-05-17,1.1387926068259728,1.4403382858012441
2021-05-18,1.1320941293771507,1.4288282618806785
2021-05-19,1.1274025706196185,1.422021448495524
2021-05-20,1.1400867183842727,1.4345603299315008
2021-05-21,1.1436463817968816,1.4370933512858155
2021-05-24,1.155966973468257,1.4465497361655713
2021-05-25,1.1555294634685531,1.440631633375287
2021-05-26,1.1652632474112665,1.4468710822812871
2021-05-27,1.1761174916298627,1.453160899000864
2021-05-28,1.1758516571986313,1.4552798452266444
2021-06-01,1.1776553757303083,1.4599115789456347
2021-06-02,1.167050087424555,1.4612083224170749
2021-06-03,1.1594694286020197,1.458517365778565
2021-06-04,1.1672138794354108,1.467127360648614
2021-06-07,1.1613286037196715,1.4654192466796767
2021-06-08,1.1687772488024528,1.4682014672194366
2021-06-09,1.1609750220530044,1.4624015622847144
2021-06-10,1.1555526221677694,1.4658464410722585
2021-06-11,1.162913441634368,1.4711051442458563
2021-06-14,1.1542757750258892,1.466664762123313
2021-06-15,1.1571862779648332,1.466186104775219
2021-06-16,1.1482821457820025,1.4565277745864278
2021-06-17,1.1256535609261888,1.445176564391241
2021-06-18,1.1064520087889382,1.4218460798493189
2021-06-21,1.1325305093339137,1.4485944002748883
2021-06-22,1.1332500475533942,1.451695977637247
2021-06-23,1.1346906726148687,1.449815999668839
2021-06-24,1.1454678852159164,1.4597959468678592
2021-06-25,1.1531955353810628,1.470083774559175
2021-06-28,1.1481948623196525,1.4655674601588016
2021-06-29,1.1453475806070013,1.4642784324020368
2021-06-30,1.154913872381788,1.466286007963034
2021-07-01,1.163676712727656,1.4761526841390158
2021-07-02,1.1628812923516794,1.4801002579487943
2021-07-06,1.1436062587076956,1.4694969203198391
2021-07-07,1.1480387721933325,1.4739024984805995
2021-07-08,1.1276245639373457,1.4587505120730142
2021-07-09,1.1601621550224237,1.4811255456488204
2021-07-12,1.1667519286925874,1.4846256838113498
2021-07-13,1.1457692109075948,1.471444651557733
2021-07-14,1.1404367467489216,1.468892514775231
2021-07-15,1.138102456222697,1.466074279672305
2021-07-16,1.1166677123374849,1.4556323322353613
2021-07-19,1.0885675904438903,1.429755059522958
2021-07-20,1.12194230870495,1.457379802119202
2021-07-21,1.1480746186352835,1.4716264290726668
2021-07-22,1.1335847824644087,1.4681883583809765
2021-07-23,1.1368049479754858,1.480501554679864
2021-07-26,1.150329620632717,1.4843808272303052
2021-07-27,1.1463686056596996,1.4818094643017905
2021-07-28,1.1497298161370806,1.4830523082422666
2021-07-29,1.1585296001468413,1.4937184769985465
2021-07-30,1.1497336371772557,1.490023403728491
2021-08-02,1.144855821989738,1.487936454099039
2021-08-03,1.1579427916823362,1.499441435581205
2021-08-04,1.1391358454682408,1.4874628521800157
2021-08-05,1.1607764788786412,1.4979088285979119
2021-08-06,1.1757113324824875,1.5043121155581245
2021-08-09,1.173824777717934,1.5017285353506507
2021-08-10,1.1879558562043817,1.5074931414846353
2021-08-11,1.1965601516690672,1.5165351394503492
2021-08-12,1.1921885755912436,1.5165019770557986
2021-08-13,1.1896988221612927,1.5166415525958326
2021-08-16,1.1901138789243084,1.5172359836276386
2021-08-17,1.1756282831669136,1.5059994770128051
2021-08-18,1.1642861842012604,1.4913969908748932
2021-08-19,1.1543852442445361,1.4875506609049556
2021-08-20,1.1609614334506837,1.4982808294906926
2021-08-23,1.178447854145628,1.5097739070739322
2021-08-24,1.1859027421160895,1.5172450300577252
2021-08-25,1.1978255716561614,1.5249535310450242
2021-08-26,1.1879575987436661,1.514681760257479
2021-08-27,1.2075437711135466,1.5312819745365784
2021-08-30,1.2048192675918534,1.529691642602911
2021-08-31,1.2056639452647637,1.5301666017060052
2021-09-01,1.204759761815964,1.5302574394769577
2021-09-02,1.2139280784865838,1.540394794171426
2021-09-03,1.2086399678028559,1.5359112102587884
2021-09-07,1.1960727828041764,1.5224170395521694
2021-09-08,1.1948265311122468,1.5219144021932818
2021-09-09,1.1989125887284775,1.517373468747255
2021-09-10,1.1939426444056822,1.5078601189907612
2021-09-13,1.2033963526665798,1.513574937839403
2021-09-14,1.1975745847353116,1.5023288165630708
2021-09-15,1.2099294666853375,1.5162853906941312
2021-09-16,1.2067872422231967,1.513728988165896
2021-09-17,1.1951430409149832,1.5016873162806104
2021-09-20,1.1805915579512516,1.4789605187620911
2021-09-21,1.1744231496423538,1.4755710618282831
2021-09-22,1.1877098005609743,1.491926321152113
2021-09-23,1.2093474926310384,1.511978586397288
2021-09-24,1.2060947988946864,1.512818798197049
2021-09-27,1.2047217961308014,1.5150768432799195
2021-09-28,1.1859001052968072,1.490878748863329
2021-09-29,1.1894304314568827,1.493387445610034
2021-09-30,1.172109563382189,1.4725223094377544
2021-10-01,1.180268368478027,1.4896602457492785
2021-10-04,1.1684524946690198,1.4788771197666002
2021-10-05,1.1848029686744683,1.4910919524184634
2021-10-06,1.181469499944684,1.4940196090668625
2021-10-07,1.1973043543817414,1.5070634760646795
2021-10-08,1.1883384961532908,1.5034122449166811
2021-10-11,1.1822896678822716,1.4949531937385723
2021-10-12,1.1815508509026134,1.4961047798404163
2021-10-13,1.1901067430135044,1.5010606069559917
2021-10-14,1.2154102725931162,1.5265279840844943
2021-10-15,1.2204881022075587,1.53150323405776
2021-10-18,1.2291977600357769,1.5323387418877021
2021-10-19,1.236286303211216,1.5418985722412952
2021-10-20,1.247411375734917,1.5534248695274502
2021-10-21,1.253620533650273,1.5569573332800202
2021-10-22,1.2541585580760588,1.5620077881683374
2021-10-25,1.2554675200182441,1.5657384192304158
2021-10-26,1.2543638108408302,1.563662831459383
2021-10-27,1.250446787137363,1.5432651710206269
2021-10-28,1.2651859449011402,1.560251147832766
2021-10-29,1.2586974058455602,1.5584526780213344
2021-11-01,1.265401527599681,1.5690952596647778
2021-11-02,1.271236647005838,1.57310723135993
2021-11-03,1.2766040638097744,1.5826102900621464
2021-11-04,1.2640349164668787,1.5820033315685047
2021-11-05,1.2737744364169836,1.5941683213728985
2021-11-08,1.2794943805636878,1.5972217497221501
2021-11-09,1.2793896788186077,1.5975163378991581
2021-11-10,1.2792510382734175,1.5863117418779547
2021-11-11,1.2809048034737258,1.590070556915755
2021-11-12,1.2890753384025504,1.59792093614262
2021-11-15,1.2918482790667896,1.6012271704045073
2021-11-16,1.2950333557102498,1.6046360252488125
2021-11-17,1.2888129103327606,1.5963301983626255
2021-11-18,1.283422529451955,1.5914587502338369
2021-11-19,1.277231220137292,1.5824933959551069
2021-11-22,1.2859499529383456,1.5832073293472977
2021-11-23,1.2938844455972915,1.5887362503066431
2021-11-24,1.2986757146052506,1.5909606154666316
2021-11-26,1.2789134474707178,1.552184217520629
2021-11-29,1.2893668487868029,1.5652688268971047
2021-11-30,1.2588288755121517,1.5251846321352098
2021-12-01,1.2411016896436644,1.5052723132537613
2021-12-02,1.2773309967372055,1.5408407351716953
2021-12-03,1.26780747700568,1.5332461173733318
2021-12-06,1.275187630441556,1.5536895201884717
2021-12-07,1.3068368753329804,1.5803744813530713
2021-12-08,1.313184697410734,1.5862330712049797
2021-12-09,1.3018742943660864,1.5743993641333611
2021-12-10,1.309339325005069,1.5836874634022111
2021-12-13,1.2979236718018579,1.5732211273062382
2021-12-14,1.2945097923938726,1.5632477468254402
2021-12-15,1.31380788289914,1.5814574462199424
2021-12-16,1.3141071140630476,1.5775763873469255
2021-12-17,1.3015811877040486,1.5648590137207736
2021-12-20,1.2766884712129674,1.5441827643904973
2021-12-21,1.3042001329152133,1.5757026537408072
2021-12-22,1.3121413385315388,1.5880865628300893
2021-12-23,1.3198872949580733,1.598822884460801
2021-12-27,1.337021776052484,1.6195918267599572
2021-12-28,1.3378594930738943,1.6212131833126473
2021-12-29,1.3396058875042296,1.6258178119543496
2021-12-30,1.337397981433732,1.6227778630680354
2021-12-31,1.3403906951153006,1.623036000083948
2022-01-03,1.347456859957712,1.6233620271508862
2022-01-04,1.3630792930460756,1.6346652029655644
2022-01-05,1.326131532631877,1.6064330244375575
2022-01-06,1.3318273565045056,1.6102153639243415
2022-01-07,1.3148622534678658,1.6053557161810537
2022-01-10,1.3101360172674044,1.5992233864458572
2022-01-11,1.3224729717419264,1.6141003230737123
2022-01-12,1.3286179800666122,1.616221535342364
2022-01-13,1.3112859706030269,1.6054265742840512
2022-01-14,1.29397494501666,1.6024516378383271
2022-01-18,1.2765880648032057,1.5752000353046938
2022-01-19,1.2678277193628007,1.5591984417767917
2022-01-20,1.252802465921458,1.5407720752810754
2022-01-21,1.240886952905608,1.5171271048317758
2022-01-24,1.254959925921823,1.5287798282566314
2022-01-25,1.2338073414637043,1.5107243785522741
2022-01-26,1.2237647510478593,1.500353495722814
2022-01-27,1.2171465904630476,1.491680064514575
2022-01-28,1.2491751777128122,1.520657578956661
2022-01-31,1.2774480146777718,1.5486396069628319
2022-02-01,1.27918320424229,1.5599647431314894
2022-02-02,1.2982506754805565,1.5713059549231987
2022-02-03,1.276435056479466,1.546285759284334
2022-02-04,1.268989602857574,1.5455555050936363
2022-02-07,1.2613211408002172,1.546309768961217
2022-02-08,1.2683935447352843,1.5592630980116151
2022-02-09,1.294677566615217,1.5865974071318736
2022-02-10,1.2677084710933988,1.5612724576568195
2022-02-11,1.2477880947506663,1.539827671842697
2022-02-14,1.2398460736904076,1.5280956702679902
2022-02-15,1.2522038170299707,1.5521733619818023
2022-02-16,1.2550056163870804,1.5559889819104136
2022-02-17,1.2369512188978355,1.5268953782581718
2022-02-18,1.2351719883361347,1.5198156535128753
2022-02-22,1.2259251414736,1.5047007256670752
2022-02-23,1.2092782923381984,1.4795534578106242
2022-02-24,1.22525247739029,1.4981751792528184
2022-02-25,1.2590472821848564,1.5385044106335248
2022-02-28,1.2474243690314788,1.5308678833115061
2022-03-01,1.2364168852762591,1.5046991646845724
2022-03-02,1.2685358892991732,1.5390917128317978
2022-03-03,1.2718429680108165,1.5331828096309115
2022-03-04,1.2726051411899437,1.5222457684475352
2022-03-07,1.2364320213591187,1.475844642783429
2022-03-08,1.226846914794996,1.46672543898444
2022-03-09,1.2591375227724901,1.5024084187876765
2022-03-10,1.249766680285636,1.4983389277261845
2022-03-11,1.2387796318462045,1.4820348617173857
2022-03-14,1.236202326337126,1.4737784893846273
2022-03-15,1.2632399500400353,1.4997905788411798
2022-03-16,1.287435298879756,1.5333145860190889
2022-03-17,1.3027555965970647,1.5537641419727133
2022-03-18,1.3140337317001358,1.5689126532839006
2022-03-21,1.3097026516721808,1.56554898703027
2022-03-22,1.3194792743280659,1.5779466721523145
2022-03-23,1.3030713848718034,1.5567021027359018
2022-03-24,1.3157268886582216,1.5756047228148935
2022-03-25,1.3239040681046785,1.585526041677544
2022-03-28,1.3356857449481614,1.5907751143058397
2022-03-29,1.365478083514736,1.616032821403997
2022-03-30,1.3586164609772358,1.604720541997325
2022-03-31,1.340512875725708,1.5830621423285665
2022-04-01,1.3514830160604723,1.5899277797741491
2022-04-04,1.344153168213901,1.592974951318644
2022-04-05,1.3402386916418416,1.5755686478020532
2022-04-06,1.3525891110121793,1.5668757966977056
2022-04-07,1.3609632288438294,1.5722467121362043
2022-04-08,1.3674427166584078,1.5746713573143725
2022-04-11,1.3566340403003252,1.5591120201610673
2022-04-12,1.3537461668209718,1.555194146516682
2022-04-13,1.362789447467629,1.5734837422283001
2022-04-14,1.356513388609499,1.562527287912772
2022-04-18,1.3546886188347902,1.558269422952134
2022-04-19,1.3748067377408708,1.5876159074028349
2022-04-20,1.3894353561578117,1.5978510009985003
2022-04-21,1.3686760352178864,1.5733541507592723
2022-04-22,1.3325242201820455,1.5297103763507418
2022-04-25,1.341280400874248,1.535044030786365
2022-04-26,1.318018348955178,1.4974761269015904
2022-04-27,1.3197525155322078,1.5000371050022232
2022-04-28,1.3415926196086037,1.527747274315124
2022-04-29,1.2948230811610013,1.4797153499182334
2022-05-02,1.2883818159872007,1.4846630985820477
2022-05-03,1.296500637817818,1.4949608060083437
2022-05-04,1.3239153136282495,1.537424763713227
2022-05-05,1.290661883928057,1.4881360156473882
2022-05-06,1.2810038044382925,1.4737144995049707
2022-05-09,1.2372361340031124,1.4264751956409703
2022-05-10,1.2409083744428637,1.425712179734754
2022-05-11,1.2342875670070554,1.406660292750239
2022-05-12,1.2340874303881688,1.4138967812583387
2022-05-13,1.265019468794995,1.4499452816871892
2022-05-16,1.2568064482913526,1.4433849232254479
2022-05-17,1.2736423981330196,1.4738245273066986
2022-05-18,1.2250006863345382,1.4170352995579594
2022-05-19,1.224788880410247,1.4159547635548624
2022-05-20,1.2310329819876038,1.4171288447415364
2022-05-23,1.2522777905172513,1.4365509882077907
2022-05-24,1.2605320488628329,1.4257147760470619
2022-05-25,1.2652069339945127,1.4435371814946585
2022-05-26,1.2890344533725846,1.4749885054115317
2022-05-27,1.3133047294173101,1.5105549182344276
2022-05-31,1.2983406774405681,1.4955978975482216
2022-06-01,1.2888530925387394,1.4802941076933414
2022-06-02,1.3027069489880223,1.5096021958981725
2022-06-03,1.2894953086573513,1.4910738236057222
2022-06-06,1.2862989179060278,1.4957146754566482
2022-06-07,1.3003499232790765,1.5109803665389099
2022-06-08,1.277534704953858,1.4891430366917195
2022-06-09,1.2506535849552642,1.455509221478819
2022-06-10,1.2419813879619794,1.4163468752005723
2022-06-13,1.2041608822548027,1.3579865886552107
2022-06-14,1.1902956082944425,1.3503297921130804
2022-06-15,1.1944758701031588,1.3659448807073684
2022-06-16,1.1777091811609208,1.3164700906016586
2022-06-17,1.1750329415949274,1.3208846539194992
2022-06-21,1.1994117469477132,1.344906626434252
2022-06-22,1.1984031947992813,1.3430353296537099
2022-06-23,1.2032397835511566,1.3549210971940848
2022-06-24,1.235629200222163,1.3996293930199954
2022-06-27,1.2502581519860159,1.3989779711012862
2022-06-28,1.2493536598529296,1.3774254763435287
2022-06-29,1.247684068733504,1.3696972981952482
2022-06-30,1.2496255752148364,1.3607881744365058
2022-07-01,1.2679515729435378,1.3772842002115497
2022-07-05,1.230479129323668,1.3746198182814042
2022-07-06,1.2325182399611165,1.3750930878573284
2022-07-07,1.249734234787472,1.3966515643754913
2022-07-08,1.2456032321682873,1.3915694117664292
2022-07-11,1.2448755692045352,1.378516447034214
2022-07-12,1.2378614216235755,1.3713473725629437
2022-07-13,1.2303437322171427,1.3647664762618559
2022-07-14,1.2146131596051568,1.3537325876500559
2022-07-15,1.229324505477775,1.3805299699446218
2022-07-18,1.2284294343324058,1.3743203929480678
2022-07-19,1.2546807516752205,1.4152237811609152
2022-07-20,1.2481840163734776,1.4255669083644231
2022-07-21,1.2487368387004967,1.436967224129869
2022-07-22,1.2555825361033823,1.4276253870549118
2022-07-25,1.2682331421079576,1.4324531693813645
2022-07-26,1.2723707034921548,1.4205473752912345
2022-07-27,1.2775890181820215,1.4493894919478654
2022-07-28,1.2908251904725172,1.4723764570437687
2022-07-29,1.3064338776634854,1.488830793879732
2022-08-01,1.3017214757010895,1.486186382565844
2022-08-02,1.2954098908062306,1.4779491022461004
2022-08-03,1.3002801462892368,1.4937113687755912
2022-08-04,1.2937350558225087,1.4910773831645805
2022-08-05,1.2978441901440696,1.494860786261637
2022-08-08,1.2994611439574235,1.4991687621980723
2022-08-09,1.3103592244513536,1.4908548952622338
2022-08-10,1.320296350333543,1.5252431848249497
2022-08-11,1.3217867504892327,1.531371692260261
2022-08-12,1.3408561881277332,1.5567395366789998
2022-08-15,1.3491274551533914,1.559939158039943
2022-08-16,1.3567891337665847,1.565205535198826
2022-08-17,1.356139622447948,1.5510544632915666
2022-08-18,1.3591327573706102,1.5570877804045273
2022-08-19,1.3608791873991537,1.5362649879386867
2022-08-22,1.3444225316113156,1.504325061642525
2022-08-23,1.3378992844578697,1.5019167630539998
2022-08-24,1.3402842500797818,1.5100293812890495
2022-08-25,1.3474643795846108,1.5334604808773875
2022-08-26,1.3217118981219063,1.4844188026573824
2022-08-29,1.3171818913638487,1.475892725275808
2022-08-30,1.3061342548846329,1.4592198684918407
2022-08-31,1.2981294126814038,1.4493641638176429
2022-09-01,1.311811409703847,1.4500084472374277
2022-09-02,1.2975355701759932,1.4393021081157327
2022-09-06,1.293560339726393,1.4349266385342778
2022-09-07,1.3147420254162943,1.4659619950420903
2022-09-08,1.3131644608659723,1.479042980612417
2022-09-09,1.3232477975554582,1.5005180007611687
2022-09-12,1.3306513461187337,1.5147200185297751
2022-09-13,1.288639644806012,1.455797281052122
2022-09-14,1.287488263118819,1.4564970905072294
2022-09-15,1.2850302851915096,1.444930087780552
2022-09-16,1.2869660457344059,1.4293958735190548
2022-09-19,1.293094428154157,1.4412230288603678
2022-09-20,1.2794825558669123,1.418189165449975
2022-09-21,1.2700558602394603,1.3954399728032874
2022-09-22,1.269825335024854,1.374742709266304
2022-09-23,1.2540537257276423,1.3512019678580662
2022-09-26,1.2402383980665166,1.3316703775688348
2022-09-27,1.233688526055516,1.3287131299886314
2022-09-28,1.249632481538764,1.3608216489402813
2022-09-29,1.2176482706875622,1.335228300757894
2022-09-30,1.2008360496865707,1.320134937489676
2022-10-03,1.2297674285583609,1.3582675929104038
2022-10-04,1.251730921817185,1.4054203322786014
2022-10-05,1.2316458442314007,1.3998207363991713
2022-10-06,1.1990824586239177,1.3841995750222769
2022-10-07,1.1773398715302776,1.3495989926937235
2022-10-10,1.179665705779481,1.340994284267369
2022-10-11,1.1833301134162977,1.3346416966939103
2022-10-12,1.1607654385618276,1.3272310683356436
2022-10-13,1.1880974231529182,1.3582522794066172
2022-10-14,1.169307815821402,1.3265434102361502
2022-10-17,1.1935976625840423,1.3586310160939614
2022-10-18,1.213518996502329,1.3785303326925171
2022-10-19,1.2011426853321499,1.3626699143177738
2022-10-20,1.1810285527109312,1.3488364361894138
2022-10-21,1.1990570101661708,1.3809362314243043
2022-10-24,1.2097863616306863,1.3949135932171235
2022-10-25,1.2358103150342703,1.423701055434795
2022-10-26,1.237293420197802,1.4253225633183835
2022-10-27,1.2444619127635623,1.4266466590926292
2022-10-28,1.2791866970105232,1.4578410053346258
2022-10-31,1.2728260849031596,1.451661810186228
2022-11-01,1.2712999193894978,1.456056872093341
2022-11-02,1.2537581900719381,1.4208470216067095
2022-11-03,1.2496872381303614,1.414002556627489
2022-11-04,1.2532351006858773,1.4346617117516358
2022-11-07,1.251650178575812,1.4450277367051036
2022-11-08,1.262042229842553,1.453731916280067
2022-11-09,1.2488570501889624,1.4272551710115446
2022-11-10,1.2821941973472544,1.508684443950566
2022-11-11,1.2596823862631137,1.522967998654678
2022-11-14,1.2562415898448467,1.5052176306855647
2022-11-15,1.2618111169840667,1.5216222208052728
2022-11-16,1.2746077936006024,1.5057554674003024
2022-11-17,1.2766855980231366,1.496999919386157
2022-11-18,1.297394312382201,1.5082089810111416
2022-11-21,1.3093055755870973,1.506592493559407
2022-11-22,1.319936422172503,1.5257095911915377
2022-11-23,1.3256737040330042,1.5339100418374698
2022-11-25,1.3329834070081537,1.5378049828720914
2022-11-28,1.325254623557135,1.5124935094333622
2022-11-29,1.325150211609478,1.5172657593319123
2022-11-30,1.3513749856233337,1.55558714563917
2022-12-01,1.3463294663141372,1.5567764555270933
2022-12-02,1.3554564238739029,1.5552662182000392
2022-12-05,1.341529923771128,1.5243367180647274
2022-12-06,1.3286571495977506,1.5069057850248941
2022-12-07,1.3345354793546393,1.503458012002134
2022-12-08,1.3346789416953497,1.5150654520363782
2022-12-09,1.31772217398768,1.503893497350244
2022-12-12,1.3323762377615425,1.5253820979367305
2022-12-13,1.325550189215841,1.536558209364933
2022-12-14,1.3249539239167094,1.5269917973195084
2022-12-15,1.3055571418792862,1.4923769897841446
2022-12-16,1.300530877820387,1.4757980015398722
2022-12-19,1.2944872386804958,1.462081602581308
2022-12-20,1.2985501275681504,1.4642505456794999
2022-12-21,1.3134709410679999,1.4860375084489745
2022-12-22,1.3049726970303819,1.469258600318915
2022-12-23,1.3166479682072745,1.47850785730112
2022-12-27,1.319472394751306,1.4781673403070146
2022-12-28,1.3054283563424107,1.4585379327134764
2022-12-29,1.3121651100072247,1.48445868997291
2022-12-30,1.3090259174202417,1.4784221266348267
2023-01-03,1.2971715387171925,1.4761820533229684
2023-01-04,1.298010360258443,1.496936089588936
2023-01-05,1.2927674466006622,1.479999431309175
2023-01-06,1.3226205100995958,1.5162247151444541
2023-01-09,1.3099987277453586,1.517785376915004
2023-01-10,1.3135494942255939,1.5285727675583116
2023-01-11,1.322285876945082,1.5475088592354411
2023-01-12,1.3198581624515606,1.5548052493758393
2023-01-13,1.3212514740782095,1.5584470020575518
2023-01-17,1.3185153492663684,1.5561835981725285
2023-01-18,1.2940264452617594,1.5321861656450346
2023-01-19,1.28965763229354,1.5158221325047918
2023-01-20,1.2960205603513573,1.5421509697470803
2023-01-23,1.2963199093533397,1.5608492306009751
2023-01-24,1.3046294090965238,1.558676191938279
2023-01-25,1.3107478440909364,1.5611317148514623
2023-01-26,1.3126793963730359,1.5747626432474011
2023-01-27,1.3043989788069488,1.5768940248195489
2023-01-30,1.306756826073833,1.5620427207697616
2023-01-31,1.3244381740991924,1.58816884247352
2023-02-01,1.3205370217664594,1.6064586762078497
2023-02-02,1.3038838041922165,1.6232975484717669
2023-02-03,1.3019527142285494,1.6058467558035616
2023-02-06,1.3106238771653564,1.5943883983034448
2023-02-07,1.3151731054336107,1.6089041146462164
2023-02-08,1.3127495499724926,1.5951475374641808
2023-02-09,1.3086360786855922,1.580799368632862
2023-02-10,1.327705973393673,1.5864161544884203
2023-02-13,1.3371358955218282,1.602955726564742
2023-02-14,1.3247637538236123,1.6011773371009
2023-02-15,1.3285201648010994,1.611514855883732
2023-02-16,1.3201404316986918,1.5941541891167796
2023-02-17,1.3351537740863286,1.5908481325007302
2023-02-21,1.3231961035188962,1.55814310250491
2023-02-22,1.3203649468081167,1.5563342328654433
2023-02-23,1.322735811131266,1.5625745479319095
2023-02-24,1.3163617328368178,1.5492022090580566
2023-02-27,1.3156144656671096,1.5516632190038557
2023-02-28,1.3053230964775429,1.5471848399150319
2023-03-01,1.302435005419943,1.5436730713085278
2023-03-02,1.3114447995025345,1.556503487471372
2023-03-03,1.3226280752706328,1.5773324623320544
2023-03-06,1.325371930763727,1.5716754595028852
2023-03-07,1.3064105158097792,1.5475851836630476
2023-03-08,1.3032803445713463,1.5513184650756655
2023-03-09,1.281105970611546,1.5202662664608282
2023-03-10,1.2654927080965666,1.4887859407467101
2023-03-13,1.2512303764193304,1.4774884634508547
2023-03-14,1.2658255347648557,1.498759635449993
2023-03-15,1.2459080342415945,1.4774177322112827
2023-03-16,1.2622009254057278,1.498660549114568
2023-03-17,1.2372259915696782,1.4740671152959586
2023-03-20,1.260491224447534,1.4935447618428466
2023-03-21,1.2754393983953916,1.5139115364896047
2023-03-22,1.2524659140962542,1.4818821628180443
2023-03-23,1.2432979669352093,1.477601267827515
2023-03-24,1.25890197834612,1.488209125940695
2023-03-27,1.2711573190607905,1.4978083074963908
2023-03-28,1.2784640044048592,1.500380206179596
2023-03-29,1.2890700675854485,1.522974694082529
2023-03-30,1.2942501045226658,1.5305145127585096
2023-03-31,1.3120496888973512,1.5538350329241222
2023-04-03,1.3216855322032839,1.555447541147206
2023-04-04,1.3046080930634194,1.5398069653675066
2023-04-05,1.3041853120722435,1.5357061348129963
2023-04-06,1.3021466782547324,1.5367767525365916
2023-04-10,1.3136238996925824,1.5470686310075574
2023-04-11,1.3206114219085283,1.5562933919731616
2023-04-12,1.322426639077936,1.5496589131227718
2023-04-13,1.3315086239850973,1.562281640552928
2023-04-14,1.3275470306385715,1.556169442958516
2023-04-17,1.3354831257141726,1.5665815912409864
2023-04-18,1.3375196323534784,1.568521061767169
2023-04-19,1.3292753532669572,1.5671351239312223
2023-04-20,1.3295160420826175,1.5588398199662072
2023-04-21,1.3286557430981845,1.5582459029005937
2023-04-24,1.331701383481276,1.5608457002200467
2023-04-25,1.3175384170250724,1.5346169927416442
2023-04-26,1.3102034157090974,1.520978902950182
2023-04-27,1.3281236965319958,1.5466706929028158
2023-04-28,1.335735361382336,1.5625093787973516
2023-05-01,1.343007764919238,1.562725013314657
2023-05-02,1.3284282389444753,1.5411848311771847
2023-05-03,1.313474928855893,1.5336322800251754
2023-05-04,1.3047885784820177,1.5213716847742227
2023-05-05,1.3287223600991624,1.5483218041096223
2023-05-08,1.327084455263383,1.5472416559586835
2023-05-09,1.3228508457112973,1.5426803684689305
2023-05-10,1.323126640010317,1.543507899710796
2023-05-11,1.3224075028512372,1.5358382835276003
2023-05-12,1.326717585910182,1.5359540935240261
2023-05-15,1.3324214751016819,1.5454836423029914
2023-05-16,1.31497555066814,1.524171736896546
2023-05-17,1.3290130497882713,1.5440860359769202
2023-05-18,1.3386430202669264,1.5569033844939528
2023-05-19,1.338334012363657,1.5521725977614618
2023-05-22,1.3337499611637351,1.5556049714785356
2023-05-23,1.3147240692014004,1.5390858336252629
2023-05-24,1.3072151090527313,1.5225210632049275
2023-05-25,1.3029730620809032,1.5237280815435292
2023-05-26,1.3025085628424093,1.537189096904458
2023-05-30,1.2967770975698496,1.5357689250721989
2023-05-31,1.2976766181368862,1.5237392502018359
2023-06-01,1.300748326106067,1.5363738374376283
2023-06-02,1.325618926599341,1.5694209507682808
2023-06-05,1.3247511869947548,1.5636395551464732
2023-06-06,1.3173842307176018,1.5741280939867728
2023-06-07,1.3129742370623378,1.5854010579617095
2023-06-08,1.3238419018585657,1.5893306380263579
2023-06-09,1.3242415717083382,1.5864605585072946
2023-06-12,1.3288382094613536,1.5970732430670536
2023-06-13,1.333937520321468,1.6129270062431247
2023-06-14,1.3392649375503785,1.610635572179413
2023-06-15,1.3541580607432206,1.6307389951939704
2023-06-16,1.3566485114365154,1.6282680566979792
2023-06-20,1.3488078170262732,1.6138420338973656
2023-06-21,1.3550383307753782,1.612561168718823
2023-06-22,1.3604673726172434,1.6068417037718115
2023-06-23,1.3506508918304747,1.5930008618533111
2023-06-26,1.3531400815035668,1.6019576758003393
2023-06-27,1.3611160103317368,1.6224557254833878
2023-06-28,1.3527890527754562,1.620584812379735
2023-06-29,1.3623517178581226,1.6327463062980554
2023-06-30,1.3788014523986325,1.647938842615189
2023-07-03,1.3774305347498865,1.652693774533082
2023-07-05,1.371876399505989,1.6459039070336272
2023-07-06,1.360655281125388,1.6319182780422536
2023-07-07,1.3540072035026,1.6357420057433685
2023-07-10,1.3663319650836208,1.6506465756588238
2023-07-11,1.3729558385861518,1.6683230262596989
2023-07-12,1.378687892269059,1.6757656770537794
2023-07-13,1.380430867695883,1.6856553922294166
2023-07-14,1.3823030931461757,1.6768101673852542
2023-07-17,1.384946150996508,1.6805201190110841
2023-07-18,1.3823800699862865,1.6912269021411925
2023-07-19,1.3840441940371817,1.7000092088317722
2023-07-20,1.402066392098633,1.6980948922394112
2023-07-21,1.4065935969325756,1.7011668304859178
2023-07-24,1.4059973843168552,1.7050890431902677
2023-07-25,1.4048550881956465,1.7076815606042803
2023-07-26,1.4023667879965884,1.7102547779339439
2023-07-27,1.384952887127635,1.6962727565401805
2023-07-28,1.3895379836505617,1.7067690101407331
2023-07-31,1.3887187799105563,1.713015517765466
2023-08-01,1.3855726674034528,1.708301317114449
2023-08-02,1.3840274191343345,1.6932657729706078
2023-08-03,1.382571621050351,1.687997474143773
2023-08-04,1.3739381224892897,1.6789151602278987
2023-08-07,1.3858342890900086,1.6941335176262164
2023-08-08,1.3802998486413773,1.6844687055005687
2023-08-09,1.378918794257933,1.6794076012691965
2023-08-10,1.377107878462765,1.6777269343760401
2023-08-11,1.3802316081693666,1.6778103541951432
2023-08-14,1.3817490731035147,1.678972849711898
2023-08-15,1.3699572059103953,1.657213324783811
2023-08-16,1.363715207140215,1.6460632054260693
2023-08-17,1.3476106383385107,1.6321245172603505
2023-08-18,1.3503747517212212,1.6354765060110628
2023-08-21,1.3510576181158498,1.6362833871669176
2023-08-22,1.3525282742837383,1.6312851861090718
2023-08-23,1.3630502934170474,1.6465248200724794
2023-08-24,1.3529895413034014,1.6297766432917367
2023-08-25,1.3628789058863338,1.6389418403794478
2023-08-28,1.3750405620920423,1.6507482203403492
2023-08-29,1.3898805151027258,1.670005519721157
2023-08-30,1.3960116890837455,1.6753213212246623
2023-08-31,1.3895182826038333,1.6703246915743288
2023-09-01,1.3936613051444848,1.6765976092956194
2023-09-05,1.373538845204174,1.6582342695765482
2023-09-06,1.3750009031461048,1.6540664726499639
2023-09-07,1.3735695487319572,1.6487142431018305
2023-09-08,1.3727917334020938,1.6496679472737166
2023-09-11,1.3805477146919112,1.654328548924779
2023-09-12,1.373023334763205,1.650684327005311
2023-09-13,1.3670165744581104,1.6453808643531076
2023-09-14,1.3806831205889836,1.6638374802185771
2023-09-15,1.3688904591099549,1.6489377471630318
2023-09-18,1.3690916195969927,1.6467357877248858
2023-09-19,1.369813746768311,1.6433002620350188
2023-09-20,1.3645888788114113,1.6361625121255523
2023-09-21,1.3421339154946914,1.607799237620524
2023-09-22,1.343445880644635,1.602557255915058
2023-09-25,1.3483284425039828,1.6067651149460809
2023-09-26,1.3320240123408802,1.5842334577016601
2023-09-27,1.3372489961899903,1.5861150963150656
2023-09-28,1.3515043279825327,1.5981143430693094
2023-09-29,1.3451362514013738,1.5931713593345074
2023-10-02,1.3329743742337086,1.5762395258662942
2023-10-03,1.3153597928142593,1.5567123819951023
2023-10-04,1.3309296150705856,1.5669861321789613
2023-10-05,1.326526903152701,1.5623353102698838
2023-10-06,1.3367028289300107,1.5767812135131578
2023-10-09,1.3412314808990558,1.5893109650637767
2023-10-10,1.3563508722506943,1.6016458498085018
2023-10-11,1.3587004977518111,1.6053856291176951
2023-10-12,1.33635706864488,1.5840617283301182
2023-10-13,1.3328649744484922,1.5799925998275341
2023-10-16,1.3487350803904288,1.5999236561157046
2023-10-17,1.3564484717168102,1.6073074320485103
2023-10-18,1.3294575620000493,1.5813843356330164
2023-10-19,1.324123633730277,1.5630169300157135
2023-10-20,1.3117960501303711,1.5441642715108537
2023-10-23,1.312331259822939,1.5355728940730007
2023-10-24,1.321141280735199,1.5469823390852513
2023-10-25,1.3044576129993413,1.528174993801323
2023-10-26,1.2971516942960286,1.5256986286597845
2023-10-27,1.292256239153401,1.5100745923266108
2023-10-30,1.3056503150209648,1.5213821962394385
2023-10-31,1.3150223390021725,1.5357394577862369
2023-11-01,1.3245185321173882,1.542840609477613
2023-11-02,1.3603712935079562,1.5776439571390122
2023-11-03,1.3803075562669194,1.6039238894641317
2023-11-06,1.3810868689737983,1.5962118371035083
2023-11-07,1.3829843214149633,1.5955312930786723
2023-11-08,1.3862019946641524,1.593420389399355
2023-11-09,1.3731074614325012,1.5800845442863287
2023-11-10,1.3904924386099728,1.59855763286792
2023-11-13,1.3869812879244394,1.596454191165823
2023-11-14,1.4215732896699207,1.642054318325047
2023-11-15,1.4208550225300438,1.6482954325291155
2023-11-16,1.4143864545950922,1.6438708598033882
2023-11-17,1.42117231606792,1.65203651011631
2023-11-20,1.4269999885636435,1.6595090272746995
2023-11-21,1.4289776619330512,1.6567743418198595
2023-11-22,1.436454252744252,1.664684685114247
2023-11-24,1.4414139165339583,1.6703188514402938
2023-11-27,1.438923970963479,1.6667655808247182
2023-11-28,1.433583414652497,1.6652404685659217
2023-11-29,1.4292729011871461,1.6718920576777838
2023-11-30,1.4461227127873226,1.685376331071612
2023-12-01,1.4575663699588777,1.7103277893660653
2023-12-04,1.4525152045788663,1.7099110979252339
2023-12-05,1.4431987326947089,1.6956983210112115
2023-12-06,1.4335460683414982,1.6958246169193487
2023-12-07,1.4385683209312972,1.704631858764666
2023-12-08,1.440459823688297,1.7109858121784984
2023-12-11,1.4565577949928976,1.7257245567653534
2023-12-12,1.462487984734256,1.7296241820997296
2023-12-13,1.4802316324736053,1.7642441459141647
2023-12-14,1.4604601073060233,1.7863825254751087
2023-12-15,1.4563299943122545,1.775401091501537
2023-12-18,1.4697057485381477,1.7781297754084584
2023-12-19,1.4735215138376658,1.7921016266006793
2023-12-20,1.454068424891369,1.7624140336896932
2023-12-21,1.4680810608599624,1.7825812348915597
2023-12-22,1.4718372109109703,1.7876179611166174
2023-12-26,1.4731271687732987,1.7980952625355264
2023-12-27,1.4756501931641208,1.8008820616727819
2023-12-28,1.4766201543425401,1.8036876697553623
2023-12-29,1.4780533446130528,1.7974925293983552
